Title,Date
"The Chef Show: Season 1 - Volume 3: Extra Helpings with Candace Nelson","4/12/20"
"The Chef Show: Season 1 - Volume 3: Wexler’s Deli","4/12/20"
"The Chef Show: Season 1 - Volume 3: Pasta a la Raimi","4/11/20"
"The Chef Show: Season 1 - Volume 3: Best Friend","4/11/20"
"The Chef Show: Season 1 - Volume 3: Border Grill","4/11/20"
"Inside Bill's Brain: Decoding Bill Gates: Limited Series: Part 3","3/17/20"
"Inside Bill's Brain: Decoding Bill Gates: Limited Series: Part 2","3/16/20"
"Inside Bill's Brain: Decoding Bill Gates: Limited Series: Part 1","3/16/20"
"The Chef Show: Season 1 - Volume 3: Wolfgang Puck","3/16/20"
"Love Is Blind: Season 1: Will You Marry Me?","3/11/20"
"Love Is Blind: Season 1: Is Love Blind?","3/11/20"
"Tiny House Nation: Volume 2: Going Tiny in the Music City","2/26/20"
"American Factory","2/11/20"
"Miss Americana","2/10/20"
"The Chef Show: Season 1 - Volume 1: Hot Luck","1/23/20"
"The Chef Show: Season 1 - Volume 1: Aaron Franklin","1/23/20"
"The Two Popes","1/20/20"
"Breakfast, Lunch & Dinner: Season 1: Phnom Penh with Kate McKinnon","12/30/19"
"The Game Changers","12/30/19"
"Breakfast, Lunch & Dinner: Season 1: Los Angeles with Lena Waithe","12/22/19"
"Tiffany Haddish: Black Mitzvah","12/17/19"
"Marriage Story","12/17/19"
"Klaus","12/17/19"
"Trolls Holiday Special","12/17/19"
"How the Grinch Stole Christmas","12/17/19"
"Dr. Seuss' The Grinch","12/1/19"
"Billy on the Street: Season 4: Shondaland! With Bill Hader and Amy Sedaris","11/21/19"
"Billy on the Street: Season 4: Billy Plays Is Beyoncé Scared of That? with Jason Sudeikis!","11/21/19"
"Billy on the Street: Season 4: Anna Kendrick's Tinder in Real Life Lightning Round!","11/21/19"
"Billy on the Street: Season 4: Sex On The Street with Sarah Jessica Parker","11/21/19"
"Billy on the Street: Season 4: Christmas on the Street with Will Ferrell!","11/21/19"
"Fear and Loathing in Las Vegas","11/18/19"
"The Chef Show: Season 1 - Volume 1: David Chang","11/17/19"
"The Chef Show: Season 1 - Volume 2: Extra Helpings with Babish and Dave","11/17/19"
"Billy on the Street: Season 5: Lupita Nyong'o: Bring the Pain","11/17/19"
"Billy on the Street: Season 5: Death Rogen, with Special Guest Seth Rogen!","11/17/19"
"Seth Meyers: Lobby Baby","11/8/19"
"Huge in France: Season 1: Épisode Huit","11/8/19"
"Huge in France: Season 1: Épisode Sept","11/6/19"
"Huge in France: Season 1: Épisode Six","11/6/19"
"Huge in France: Season 1: Épisode Cinq","11/6/19"
"Huge in France: Season 1: Épisode Quatre","11/5/19"
"Huge in France: Season 1: Épisode Trois","11/3/19"
"Huge in France: Season 1: Épisode Deux","11/3/19"
"Huge in France: Season 1: Épisode Un","11/3/19"
"Episodes: Season 1: Episode One","11/3/19"
"Interior Design Masters: Season 1: Episode 1","11/3/19"
"Explained: Season 1: Why Diets Fail","10/28/19"
"Breakfast, Lunch & Dinner: Season 1: Marrakesh with Chrissy Teigen","10/26/19"
"Breakfast, Lunch & Dinner: Season 1: Vancouver with Seth Rogen","10/26/19"
"Living with Yourself: Season 1: Piña Colada","10/21/19"
"Living with Yourself: Season 1: Neighbors and Friends","10/21/19"
"Living with Yourself: Season 1: Va Bene","10/21/19"
"Living with Yourself: Season 1: Soul Mate","10/19/19"
"Living with Yourself: Season 1: Green Tea","10/19/19"
"Living with Yourself: Season 1: Made in a Strip Mall","10/19/19"
"Living with Yourself: Season 1: The Best You Can Be","10/19/19"
"The Politician: Season 1: October Surprise","10/16/19"
"The Politician: Season 1: The Harrington Commode","10/16/19"
"The Politician: Season 1: Pilot","10/16/19"
"Ghosts of Sugar Land","10/16/19"
"The Great British Baking Show: Collection 7: Cake Week","10/14/19"
"Adam Devine: Best Time of Our Lives","10/14/19"
"Schitt's Creek: Season 3: Opening Night","10/14/19"
"Schitt's Creek: Season 2: Happy Anniversary","10/14/19"
"The Chef Show: Season 1 - Volume 2: Skywalker Ranch","10/3/19"
"The Chef Show: Season 1 - Volume 2: Hog Island","10/3/19"
"The Chef Show: Season 1 - Volume 2: Guerrilla Tacos","10/3/19"
"Hello, Privilege. It's Me, Chelsea","10/3/19"
"The Chef Show: Season 1 - Volume 2: Pizzana","9/25/19"
"The Chef Show: Season 1 - Volume 2: Seth Rogen","9/25/19"
"Pokémon the Series: Sun & Moon: Season 1: Sun & Moon: Alola to New Adventure!","9/25/19"
"Between Two Ferns: The Movie","9/24/19"
"I'm Sorry: Season 2: New York vs. LA","9/23/19"
"Unbelievable: Limited Series: Episode 1","9/23/19"
"I'm Sorry: Season 2: Miss Diana Ross","9/22/19"
"I'm Sorry: Season 2: Sophie's Choice","9/22/19"
"I'm Sorry: Season 2: Little Louse on the Prairie","9/18/19"
"I'm Sorry: Season 2: The Small of My Back","9/18/19"
"I'm Sorry: Season 2: Extra Boobs","9/17/19"
"I'm Sorry: Season 2: Couple's Massage","9/17/19"
"I'm Sorry: Season 2: Barbara T. Warren","9/17/19"
"I'm Sorry: Season 2: These Are My Fingers","9/17/19"
"I'm Sorry: Season 2: Quietly Bleeding","9/17/19"
"The Good Place: Season 2: Rhonda, Diana, Jake, and Trent","9/17/19"
"Pokémon The Series: Indigo League: Season 1: Pokémon - I Choose You!","9/13/19"
"Pokémon: Happy Birthday to You!","9/13/19"
"Pokémon the Movie: I Choose You!","9/13/19"
"Gnome Alone","9/8/19"
"Pineapple Express","9/7/19"
"The Office (U.S.): Season 3: The Coup","9/7/19"
"The Office (U.S.): Season 3: The Convention","9/7/19"
"The Office (U.S.): Season 3: Gay Witch Hunt","9/6/19"
"13 Reasons Why: Season 3: Nobody's Clean","9/6/19"
"13 Reasons Why: Season 3: Angry, Young and Man","9/6/19"
"13 Reasons Why: Season 3: The Good Person Is Indistinguishable from the Bad","9/6/19"
"Orange Is the New Black: Season 7: Here's Where We Get Off","9/6/19"
"Orange Is the New Black: Season 7: The Big House","9/6/19"
"13 Reasons Why: Season 3: If You're Breathing, You're a Liar","9/6/19"
"13 Reasons Why: Season 3: Yeah. I'm the New Girl","9/6/19"
"Dave Chappelle: Sticks & Stones","9/6/19"
"Iron Cowboy: The Story of the 50.50.50","9/1/19"
"The Dark Crystal: Age of Resistance: Season 1: End. Begin. All the Same.","8/30/19"
"Workin' Moms: Season 1: Pilot","8/28/19"
"Great News: Season 1: Pilot","8/28/19"
"Flaked: Season 2: Day Six","8/27/19"
"Flaked: Season 2: Day Five","8/27/19"
"Flaked: Season 2: Day Four","8/27/19"
"Flaked: Season 2: Day Three","8/27/19"
"Flaked: Season 2: Day Two","8/27/19"
"Flaked: Season 2: Day One","8/27/19"
"Flaked: Season 1: Sunset","8/27/19"
"Schitt's Creek: Season 2: Lawn Signs","8/25/19"
"Derry Girls: Season 2: Episode 2","8/24/19"
"Derry Girls: Season 2: Episode 1","8/24/19"
"Derry Girls: Season 1: Episode 6","8/24/19"
"Now and Then","8/24/19"
"Flaked: Season 1: 7th","8/23/19"
"Flaked: Season 1: Shell","8/23/19"
"Derry Girls: Season 1: Episode 5","8/23/19"
"Flaked: Season 1: Electric","8/23/19"
"Derry Girls: Season 1: Episode 4","8/23/19"
"Flaked: Season 1: Palms","8/23/19"
"Derry Girls: Season 1: Episode 3","8/23/19"
"Flaked: Season 1: Rose","8/23/19"
"Derry Girls: Season 1: Episode 2","8/23/19"
"Derry Girls: Season 1: Episode 1","8/23/19"
"Friends: Season 5: The One Where Ross Moves In","8/23/19"
"Friends: Season 5: The One with the Yeti","8/23/19"
"Friends: Season 5: The One with the Kips","8/23/19"
"Friends: Season 5: The One Where Phoebe Hates PBS","8/23/19"
"The House Bunny","8/23/19"
"Flaked: Season 1: Horizon","8/22/19"
"Flaked: Season 1: Westminster","8/22/19"
"Spider-Man: Into the Spider-Verse","8/18/19"
"Rim of the World","8/17/19"
"White Fang","8/17/19"
"A Wrinkle in Time","8/17/19"
"Thor: Ragnarok","8/17/19"
"The Magic Pill","8/17/19"
"Polar","8/17/19"
"Sextuplets","8/16/19"
"Whitney Cummings: Can I Touch It?","8/16/19"
"HOMECOMING: A film by Beyoncé","8/16/19"
"Mowgli: Legend of the Jungle","8/16/19"
"Wu Assassins: Season 1: Paths: Part 2","8/16/19"
"Wu Assassins: Season 1: Paths: Part 1","8/16/19"
"Wu Assassins: Season 1: Ladies' Night","8/16/19"
"Wu Assassins: Season 1: Legacy","8/16/19"
"Wu Assassins: Season 1: Gu Assassins","8/16/19"
"Wu Assassins: Season 1: Codladh Sámh","8/16/19"
"Wu Assassins: Season 1: A Twisting Snake","8/16/19"
"Wu Assassins: Season 1: Fire Chicken","8/16/19"
"Wu Assassins: Season 1: Misspent Youth","8/16/19"
"Wu Assassins: Season 1: Drunken Watermelon","8/16/19"
"Avengers: Infinity War","8/15/19"
"Prodigy","8/15/19"
"Ghost House","8/15/19"
"Rocko's Modern Life: Static Cling","8/13/19"
"When They See Us: Limited Series: Part Two","8/12/19"
"Maron: Season 1: Internet Troll","8/12/19"
"Queer Eye: Season 4: Stoner Skates By","8/12/19"
"Queer Eye: Season 4: Disabled but Not Really","8/12/19"
"Queer Eye: Season 4: Without Further Ado","8/11/19"
"LEGO: Marvel Super Heroes: Maximum Overload","8/11/19"
"When They See Us: Limited Series: Part One","8/9/19"
"In the Dark: Season 1: Pilot","8/9/19"
"Workin' Moms: Season 1: Rules","8/9/19"
"Eurovision Song Contest: Season 1: Episode 3","8/9/19"
"My Next Guest Needs No Introduction With David Letterman: Season 2: Lewis Hamilton","7/28/19"
"My Next Guest Needs No Introduction With David Letterman: Season 2: Tiffany Haddish","7/28/19"
"My Next Guest Needs No Introduction With David Letterman: Season 2: Bonus: Zach Galifianakis","7/28/19"
"Velvet Buzzsaw","7/28/19"
"The Chef Show: Season 1 - Volume 1: Robert Rodriguez / First Friday","7/23/19"
"The Chef Show: Season 1 - Volume 1: Remembering Jonathan Gold","7/23/19"
"The Chef Show: Season 1 - Volume 1: Chef Film Recipes","7/23/19"
"The Chef Show: Season 1 - Volume 1: Avengers Atlanta","7/23/19"
"Comedians in Cars Getting Coffee: New 2019: Freshly Brewed: Barry Marder: Big Lots and BevMo!","7/22/19"
"Comedians in Cars Getting Coffee: New 2019: Freshly Brewed: Bridget Everett: Still Hot To The Touch","7/22/19"
"Comedians in Cars Getting Coffee: New 2019: Freshly Brewed: Melissa Villaseñor","7/22/19"
"Comedians in Cars Getting Coffee: New 2019: Freshly Brewed: Mario Joyner: He Should Have Been Done That","7/22/19"
"Comedians in Cars Getting Coffee: New 2019: Freshly Brewed: Martin Short: A Dream World Of Residuals","7/22/19"
"Comedians in Cars Getting Coffee: New 2019: Freshly Brewed: Sebastian Maniscalco: My Wife Didn't Know The Extent Of It","7/22/19"
"Comedians in Cars Getting Coffee: New 2019: Freshly Brewed: Jamie Foxx: You Got To Get The Alligator Sweat","7/22/19"
"Comedians in Cars Getting Coffee: New 2019: Freshly Brewed: Matthew Broderick: These People That Do This Stuff. They Stink.","7/22/19"
"Comedians in Cars Getting Coffee: New 2019: Freshly Brewed: Ricky Gervais: China Maybe? Part 2","7/22/19"
"Comedians in Cars Getting Coffee: New 2019: Freshly Brewed: Ricky Gervais: China Maybe? Part 1","7/22/19"
"Comedians in Cars Getting Coffee: New 2019: Freshly Brewed: Seth Rogen: We Have The Meats","7/22/19"
"Stranger Things: Stranger Things 3: Chapter Two: The Mall Rats","7/4/19"
"Stranger Things: Stranger Things 3: Chapter One: Suzie, Do You Copy?","7/4/19"
"Friends: Season 1: The One Where Monica Gets a Roommate (Pilot)","6/30/19"
"He Named Me Malala","6/28/19"
"Easy: Season 3: She's Back","6/16/19"
"Easy: Season 3: Low Rolling Boil","6/16/19"
"Easy: Season 3: Number One Seller","6/16/19"
"Grey's Anatomy: Season 1: A Hard Day's Night","6/16/19"
"Murder Mystery","6/14/19"
"Easy: Season 3: Blank Pages","6/13/19"
"Easy: Season 3: Swipe Left","6/13/19"
"Easy: Season 3: Yes","6/13/19"
"Easy: Season 3: Spontaneous Combustion","6/13/19"
"Easy: Season 3: Private Eyes","6/13/19"
"Easy: Season 3: Swipe Right","6/11/19"
"Easy: Season 2: Baby Steps","6/11/19"
"Easy: Season 2: Lady Cha Cha","6/10/19"
"Easy: Season 2: Prodigal Daughter","6/10/19"
"Easy: Season 2: Conjugality","6/10/19"
"Easy: Season 2: Spent Grain","6/7/19"
"Easy: Season 2: Side Hustle","6/7/19"
"The Chef Show: Season 1 - Volume 1: Gwyneth Paltrow / Bill Burr","6/7/19"
"Feminists: What Were They Thinking?","6/6/19"
"Period. End of Sentence.","6/6/19"
"My Next Guest Needs No Introduction With David Letterman: Season 2: Ellen DeGeneres","6/5/19"
"My Next Guest Needs No Introduction With David Letterman: Season 2: Kanye West","6/5/19"
"Easy: Season 2: Open Marriage","6/4/19"
"Easy: Season 2: Package Thief","6/4/19"
"Easy: Season 1: Hop Dreams","6/3/19"
"Easy: Season 1: Chemistry Read","6/3/19"
"Wine Country","6/2/19"
"Always Be My Maybe","6/2/19"
"Easy: Season 1: Utopia","5/30/19"
"Easy: Season 1: Art and Life","5/30/19"
"Easy: Season 1: Controlada","5/30/19"
"Easy: Season 1: Brewery Brothers","5/30/19"
"Easy: Season 1: Vegan Cinderella","5/29/19"
"Easy: Season 1: The F**king Study","5/29/19"
"Brené Brown: The Call to Courage","5/28/19"
"Knock Down The House","5/28/19"
"Schitt's Creek: Season 1: Our Cup Runneth Over","5/25/19"
"Dating Around: Season 1: Lex","4/14/19"
"Dating Around: Season 1: Gurki","4/14/19"
"Dating Around: Season 1: Luke","4/14/19"
"ADAM SANDLER 100% FRESH","4/13/19"
"Ken Jeong: You Complete Me, Ho","4/12/19"
"Chelsea Does: Season 1: Chelsea Does Drugs","4/12/19"
"Chelsea Does: Season 1: Chelsea Does Racism","4/12/19"
"Chelsea Does: Season 1: Chelsea Does Silicon Valley","4/11/19"
"Chelsea Does: Season 1: Chelsea Does Marriage","4/11/19"
"Chelsea: Best of 2016: Can You Tell I'm a Nightmare?","4/8/19"
"LEGO Bionicle: The Journey to One: Season 1: Prologue: The Legend Begins","4/4/19"
"Mighty Morphin Alien Rangers: Season 1: Hogday Afternoon: Part 2","4/4/19"
"Chelsea: Season 2 (2017): We All Have to Fight and Be Loud","4/3/19"
"Chelsea: Season 2 (2017): Dinner Party: Ending on a High Note","4/3/19"
"Amy Schumer Growing","4/3/19"
"I'm Sorry: Season 1: Off the Charts","4/2/19"
"Power Rangers Zeo: Season 1: A Zeo Beginning: Part 2","4/1/19"
"Power Rangers Zeo: Season 1: A Zeo Beginning: Part 1","4/1/19"
"Power Rangers Dino Thunder: Season 1: Legacy of Power","4/1/19"
"Power Rangers Dino Thunder: Season 1: Wave Goodbye","4/1/19"
"Power Rangers Dino Thunder: Season 1: Day of the Dino: Part 2","4/1/19"
"Power Rangers Dino Thunder: Season 1: Day of the Dino: Part 1","4/1/19"
"I'm Sorry: Season 1: Weekend Alone","3/31/19"
"I'm Sorry: Season 1: Butt Bumpers","3/31/19"
"I'm Sorry: Season 1: Divorce Fantasy","3/31/19"
"Power Rangers RPM: Season 1: Heroes Among Us","3/31/19"
"Power Rangers RPM: Season 1: Three's a Crowd","3/31/19"
"Power Rangers RPM: Season 1: Belly of the Beast","3/31/19"
"Power Rangers Super Samurai: Season 1: Super Samurai","3/31/19"
"Power Rangers Super Megaforce: The Legendary Battle (Extended)","3/31/19"
"I'm Sorry: Season 1: Too Slow","3/31/19"
"Power Rangers Super Megaforce: Season 1: Vrak Is Back: Part 1","3/31/19"
"Power Rangers Super Megaforce: Season 1: All Hail Prince Vekar","3/31/19"
"Power Rangers Super Megaforce: Season 1: In the Driver’s Seat","3/31/19"
"Power Rangers Super Megaforce: Season 1: The Grass Is Always Greener…or Bluer","3/31/19"
"Power Rangers Samurai: Season 1: The Team Unites","3/31/19"
"Power Rangers: Megaforce: Season 1: Who's Crying Now?","3/31/19"
"Power Rangers: Megaforce: Season 1: Harmony and Dizchord","3/31/19"
"Power Rangers: Megaforce: Season 1: United We Stand","3/31/19"
"I'm Sorry: Season 1: Acts of Service","3/27/19"
"I'm Sorry: Season 1: Goddess Party","3/27/19"
"I'm Sorry: Season 1: Ass Cubes","3/27/19"
"I'm Sorry: Season 1: Racist Daughter","3/26/19"
"I'm Sorry: Season 1: Pilot","3/26/19"
"Good Girls: Season 1: Remix","3/25/19"
"Power Rangers Ninja Steel: Season 1: Live and Learn","3/25/19"
"Power Rangers Ninja Steel: Season 1: Forged In Steel","3/25/19"
"Power Rangers Ninja Steel: Season 1: Return of the Prism","3/25/19"
"Good Girls: Season 1: Summer of the Shark","3/25/19"
"Good Girls: Season 1: Shutdown","3/24/19"
"Good Girls: Season 1: Special Sauce","3/24/19"
"Good Girls: Season 1: A View From the Top","3/24/19"
"Power Rangers Mystic Force: Season 1: Mystic Fate: Part 2","3/22/19"
"Mighty Morphin Power Rangers: Season 1: Day of the Dumpster","3/22/19"
"Power Rangers Dino Charge: Season 1: When Logic Fails","3/22/19"
"Power Rangers Dino Charge: Season 1: Double Ranger, Double Danger","3/22/19"
"Power Rangers Dino Charge: Season 1: Let Sleeping Zords Lie","3/22/19"
"Power Rangers Dino Charge: Season 1: The Tooth Hurts","3/22/19"
"Power Rangers Dino Charge: Season 1: Breaking Black","3/22/19"
"Power Rangers Dino Charge: Season 1: Return of the Caveman","3/22/19"
"Power Rangers Dino Charge: Season 1: A Fool’s Hour","3/22/19"
"Power Rangers Dino Charge: Season 1: Past, Present and Fusion","3/22/19"
"Power Rangers Dino Charge: Season 1: Powers from the Past","3/22/19"
"Good Girls: Season 1: Taking Care of Business","3/21/19"
"Good Girls: Season 1: Atom Bomb","3/21/19"
"Good Girls: Season 1: Borderline","3/21/19"
"Good Girls: Season 1: Mo Money Mo Problems","3/21/19"
"Good Girls: Season 1: Pilot","3/21/19"
"Power Rangers Dino Super Charge: Season 1: When Evil Stirs","3/21/19"
"Patriot Act with Hasan Minhaj: Volume 2: Drug Pricing","2/22/19"
"Chef's Table: Volume 5: Cristina Martínez","2/22/19"
"The Bill Murray Stories: Life Lessons Learned From a Mythical Man","2/17/19"
"Comedians in Cars Getting Coffee: New 2018: Freshly Brewed: Tracy Morgan: Lasagna With Six Different Cheeses","2/14/19"
"Comedians in Cars Getting Coffee: New 2018: Freshly Brewed: Zach Galifianakis: From The Third Reich To You","2/14/19"
"The World's Most Extraordinary Homes: Season 2 Part B: Norway","2/13/19"
"The World's Most Extraordinary Homes: Season 2 Part B: India","2/13/19"
"The World's Most Extraordinary Homes: Season 2 Part B: Spain","2/13/19"
"Russian Doll: Season 1: Ariadne","2/9/19"
"Russian Doll: Season 1: The Way Out","2/9/19"
"Russian Doll: Season 1: Reflection","2/9/19"
"Russian Doll: Season 1: Superiority Complex","2/9/19"
"Russian Doll: Season 1: Alan's Routine","2/9/19"
"Russian Doll: Season 1: A Warm Body","2/9/19"
"Russian Doll: Season 1: The Great Escape","2/9/19"
"Russian Doll: Season 1: Nothing in This World Is Easy","2/7/19"
"Stay Here: Season 1: DC Firehouse","2/5/19"
"Stay Here: Season 1: Palm Springs Time Machine","2/4/19"
"Stay Here: Season 1: Hudson River Carriage House","2/4/19"
"Stay Here: Season 1: Paso Robles Wine Country Cottage","2/4/19"
"Stay Here: Season 1: Brooklyn Brownstone","1/29/19"
"Stay Here: Season 1: Austin Pool Pad","1/29/19"
"Stay Here: Season 1: Malibu Beach House","1/29/19"
"Stay Here: Season 1: Seattle Houseboat","1/29/19"
"The Switch","1/26/19"
"Burnt","1/26/19"
"FYRE: The Greatest Party That Never Happened","1/24/19"
"Tidying Up with Marie Kondo: Season 1: From Students to Improvements","1/22/19"
"Conan Without Borders: Season 1: Italy","1/21/19"
"Conan Without Borders: Season 1: Haiti","1/21/19"
"Conan Without Borders: Season 1: Israel","1/21/19"
"Conan Without Borders: Season 1: Mexico","1/21/19"
"Conan Without Borders: Season 1: Korea","1/21/19"
"Conan Without Borders: Season 1: Cuba","1/21/19"
"Struggle: The Life and Lost Art of Szukalski","1/21/19"
"Tidying Up with Marie Kondo: Season 1: When Two (Messes) Become One","1/20/19"
"Tidying Up with Marie Kondo: Season 1: Making Room for Baby","1/20/19"
"Tidying Up with Marie Kondo: Season 1: Breaking Free from a Mountain of Stuff","1/20/19"
"Tidying Up with Marie Kondo: Season 1: The Downsizers","1/19/19"
"Friends from College: Season 2: The Wedding","1/19/19"
"Friends from College: Season 2: Fireworks","1/19/19"
"Friends from College: Season 2: Free Fall","1/19/19"
"Friends from College: Season 2: Old Habits","1/18/19"
"Friends from College: Season 2: The Bachelor Party","1/17/19"
"Friends from College: Season 2: Out All Night","1/16/19"
"Friends from College: Season 2: Storage Unit","1/15/19"
"Friends from College: Season 2: The Engagement Party","1/14/19"
"Tidying Up with Marie Kondo: Season 1: Empty Nesters","1/12/19"
"Tidying Up with Marie Kondo: Season 1: Tidying With Toddlers","1/12/19"
"Sex Education: Season 1: Episode 1","1/12/19"
"Bachelorette","1/11/19"
"Salt Fat Acid Heat: Season 1: Salt","1/11/19"
"You: Season 1: Pilot","1/11/19"
"Orange Is the New Black: Season 6: Look Out for Number One","1/9/19"
"Orange Is the New Black: Season 6: Sh*tstorm Coming","1/9/19"
"Orange Is the New Black: Season 6: Who Knows Better Than I","1/9/19"
"Comedians in Cars Getting Coffee: New 2018: Freshly Brewed: Alec Baldwin: Gyrating, Naked Twister","1/3/19"
"Comedians in Cars Getting Coffee: New 2018: Freshly Brewed: Kate McKinnon: A Brain In A Jar","1/3/19"
"Comedians in Cars Getting Coffee: New 2018: Freshly Brewed: John Mulaney: A Hooker In The Rain","1/3/19"
"Comedians in Cars Getting Coffee: New 2018: Freshly Brewed: Neal Brennan: Red Bottom Shoes Equals Fantastic Babies","1/3/19"
"Comedians in Cars Getting Coffee: New 2018: Freshly Brewed: Hasan Minhaj: Nobody Cries At A Joke","1/3/19"
"Comedians in Cars Getting Coffee: New 2018: Freshly Brewed: Dana Carvey: Na..  Ga..  Do..  It","1/3/19"
"Salt Fat Acid Heat: Season 1: Fat","1/2/19"
"Silver Linings Playbook","1/1/19"
"The Do-Over","12/25/18"
"Narcos: Season 1: Descenso","12/25/18"
"Schitt's Creek: Season 4: Singles Week","12/25/18"
"Schitt's Creek: Season 4: The Rollout","12/25/18"
"Schitt's Creek: Season 4: Baby Sprinkle","12/25/18"
"Schitt's Creek: Season 4: The Olive Branch","12/25/18"
"Schitt's Creek: Season 4: The Jazzaguy","12/24/18"
"Schitt's Creek: Season 4: The Barbecue","12/23/18"
"Schitt's Creek: Season 4: Open Mic","12/23/18"
"Schitt's Creek: Season 4: RIP Moira Rose","12/23/18"
"Schitt's Creek: Season 4: Girls’ Night","12/23/18"
"Ellen DeGeneres: Relatable: Special: Ask Ellen","12/22/18"
"Ellen DeGeneres: Relatable: Special: Relatable","12/21/18"
"Schitt's Creek: Season 4: Asbestos Fest","12/21/18"
"Schitt's Creek: Season 4: Pregnancy Test","12/21/18"
"Schitt's Creek: Season 4: Dead Guy in Room 4","12/20/18"
"Schitt's Creek: Season 3: Grad Night","12/20/18"
"Schitt's Creek: Season 3: Friends & Family","12/20/18"
"Schitt's Creek: Season 3: Stop Saying Lice!","12/20/18"
"Schitt's Creek: Season 3: Sebastien Raine","12/19/18"
"Schitt's Creek: Season 3: The Affair","12/19/18"
"Schitt's Creek: Season 3: Motel Review","12/19/18"
"Schitt's Creek: Season 3: General Store","12/18/18"
"Schitt's Creek: Season 3: Murder Mystery","12/18/18"
"Schitt's Creek: Season 3: Rooms by the Hour","12/18/18"
"Schitt's Creek: Season 3: Driving Test","12/18/18"
"Schitt's Creek: Season 3: New Car","12/18/18"
"Schitt's Creek: Season 3: The Throuple","12/18/18"
"Schitt's Creek: Season 2: The Motel Guest","12/17/18"
"The Fundamentals of Caring","12/13/18"
"Schitt's Creek: Season 2: Ronnie's Party","12/10/18"
"Schitt's Creek: Season 2: Moira's Nudes","12/10/18"
"Schitt's Creek: Season 2: Milk Money","12/10/18"
"Father of the Year","12/9/18"
"Schitt's Creek: Season 2: The Candidate","12/8/18"
"Schitt's Creek: Season 2: Moira vs. Town Council","12/8/18"
"Schitt's Creek: Season 2: Bob's Bagels","12/8/18"
"George Balanchine's The Nutcracker","12/8/18"
"Slow TV: Train Ride Bergen to Oslo","12/8/18"
"Schitt's Creek: Season 2: Estate Sale","12/7/18"
"Schitt's Creek: Season 2: Jazzagals","12/6/18"
"Schitt's Creek: Season 2: Family Dinner","12/6/18"
"Schitt's Creek: Season 2: Finding David","12/6/18"
"The Christmas Chronicles","12/6/18"
"Schitt's Creek: Season 1: Town for Sale","12/4/18"
"Schitt's Creek: Season 1: Surprise Party","12/4/18"
"Schitt's Creek: Season 1: Little Sister","12/3/18"
"Schitt's Creek: Season 1: Honeymoon","12/3/18"
"Schitt's Creek: Season 1: Carl's Funeral","12/3/18"
"Schitt's Creek: Season 1: Allez-Vous","12/3/18"
"Schitt's Creek: Season 1: Turkey Shoot","12/2/18"
"Mickey's Once Upon a Christmas","12/2/18"
"Schitt's Creek: Season 1: Wine and Roses","12/1/18"
"Schitt's Creek: Season 1: The Cabin","12/1/18"
"Schitt's Creek: Season 1: Bad Parents","12/1/18"
"Schitt's Creek: Season 1: Don't Worry, It's His Sister","12/1/18"
"Schitt's Creek: Season 1: The Drip","12/1/18"
"Fireplace for Your Home: Season 1: Crackling Fireplace","11/25/18"
"Fireplace for Your Home: Season 1: Crackling Yule Log Fireplace","11/25/18"
"Fireplace 4K: Crackling Birchwood from Fireplace for Your Home","11/25/18"
"Judd Apatow: The Return","11/24/18"
"Queer Eye: Season 2: A Decent Proposal","11/23/18"
"Queer Eye: Season 2: God Bless Gay","11/23/18"
"Making a Murderer: Part 1: Framing Defense","11/16/18"
"Making a Murderer: Part 1: Testing the Evidence","11/15/18"
"Making a Murderer: Part 1: The Last Person to See Teresa Alive","11/15/18"
"Making a Murderer: Part 1: Indefensible","11/15/18"
"Making a Murderer: Part 1: Plight of the Accused","11/11/18"
"Making a Murderer: Part 1: Turning the Tables","11/11/18"
"Making a Murderer: Part 1: Eighteen Years Lost","11/9/18"
"Ghostbusters 2","11/7/18"
"Gaga: Five Foot Two","11/5/18"
"The Good Place: Season 2: Best Self","10/29/18"
"The Good Place: Season 2: Leap to Faith","10/29/18"
"The Good Place: Season 2: Derek","10/29/18"
"The Good Place: Season 2: Janet and Michael","10/29/18"
"The Good Place: Season 2: The Trolley Problem","10/29/18"
"The Good Place: Season 2: Existential Crisis","10/29/18"
"The Good Place: Season 2: Team Cockroach","10/29/18"
"The Good Place: Season 2: Dance Dance Resolution","10/28/18"
"The Good Place: Season 2: Everything Is Great!","10/28/18"
"The Good Place: Season 1: Michael's Gambit","10/28/18"
"The Good Place: Season 1: Mindy St. Claire","10/27/18"
"The Good Place: Season 1: What's My Motivation","10/27/18"
"The Good Place: Season 1: Chidi's Choice","10/25/18"
"The Good Place: Season 1: ...Someone Like Me as a Member","10/25/18"
"The Good Place: Season 1: Most Improved Player","10/25/18"
"The Good Place: Season 1: The Eternal Shriek","10/23/18"
"The Good Place: Season 1: What We Owe to Each Other","10/23/18"
"The Good Place: Season 1: Category 55 Emergency Doomsday Crisis","10/23/18"
"The Good Place: Season 1: Jason Mendoza","10/23/18"
"The Good Place: Season 1: Tahani Al-Jamil","10/23/18"
"The Good Place: Season 1: Flying","10/23/18"
"The Good Place: Season 1: Everything Is Fine","10/23/18"
"Parenthood: Season 6: May God Bless and Keep You Always","10/7/18"
"Parenthood: Season 6: We Made It Through the Night","10/7/18"
"Parenthood: Season 6: Let's Go Home","10/7/18"
"Parenthood: Season 6: How Did We Get Here?","10/7/18"
"Parenthood: Season 6: Lean In","10/7/18"
"Parenthood: Season 6: Aaron Brownstein Must Be Stopped","10/7/18"
"Parenthood: Season 6: These Are The Times We Live In","10/7/18"
"Saving Banksy","10/6/18"
